Date submitted,Job listings,First name,Last name,Email,Phone
11.20.2024,JP-2024-001,Alex,Miller,a.miller@email.com,+1-415-555-1234
11.21.2024,JP-2024-001,Sophia,Wagner,s.wagner@email.com,+1-415-555-2345
11.22.2024,JP-2024-001,Lucas,Baker,l.baker@email.com,+1-415-555-3456
11.25.2024,JP-2024-002,Emily,Smith,e.smith@email.com,+1-617-555-4567
11.26.2024,JP-2024-002,Felix,Fischer,f.fischer@email.com,+1-617-555-5678
12.07.2024,JP-2024-004,Hannah,White,h.white@email.com,+1-310-555-6789
12.08.2024,JP-2024-004,Noah,Martinez,n.martinez@email.com,+1-310-555-7890
11.15.2024,JP-2024-005,Mia,Schneider,m.schneider@email.com,+1-312-555-8901
11.16.2024,JP-2024-005,Leon,Hoffman,l.hoffman@email.com,+1-312-555-9012
11.21.2024,JP-2024-007,Laura,Cook,l.cook@email.com,+1-617-555-0123
11.22.2024,JP-2024-007,Paul,Richards,p.richards@email.com,+1-617-555-1234
12.04.2024,JP-2024-009,Clara,Klein,c.klein@email.com,+1-415-555-2345
12.01.2024,JP-2024-011,Oscar,Wolf,o.wolf@email.com,+1-212-555-3456
12.02.2024,JP-2024-011,Emma,Schroeder,e.schroeder@email.com,+1-212-555-4567
12.03.2024,JP-2024-011,Max,Newman,m.newman@email.com,+1-212-555-5678
11.25.2024,JP-2024-002,Isabella,Brown,i.brown@email.com,+1-617-555-6789
11.26.2024,JP-2024-002,Ben,Zimmerman,b.zimmerman@email.com,+1-617-555-7890
12.07.2024,JP-2024-004,Lena,Kruger,l.kruger@email.com,+1-310-555-8901
11.21.2024,JP-2024-007,Tim,Hartman,t.hartman@email.com,+1-617-555-9012
11.15.2024,JP-2024-005,Anna,Lang,a.lang@email.com,+1-312-555-0123
